{
    "name": "管理员",
    "unit": "xx公司",
    "menus": [
        {
            "id": "stsy",
            "title": "系统首页",
            "icon": "glyphicon glyphicon-th",
            "url": "#../templates/page-home.html"
        },
        {
            "id": "cyym",
            "title": "常用页面",
            "icon": "glyphicon glyphicon-cog",
            "url": "#",
            "open": true,
            "children": [
                {
                    "id": "fwyc",
                    "title": "访问异常",
                    "url": "#../templates/page-error.html"
                },
                {
                    "id": "lbym-a",
                    "title": "示例模块1",
                    "url": "#../templates/page-baseExample1.html"
                },
                {
                    "id": "bdym-a",
                    "title": "表单页面",
                    "url": "#../templates/page-baseExample1-form.html"
                },
                {
                    "id": "csym",
                    "title": "测试页面",
                    "url": "#../templates/page-test.html"
                },
                {
                    "id": "404",
                    "title": "错误404",
                    "url": "page-404.html"
                },
                {
                    "id": "500",
                    "title": "错误500",
                    "url": "page-500.html"
                },
                {
                    "id": "other",
                    "title": "打开外部页面",
                    "url": "https://www.baidu.com"
                }
            ]
        }
    ]
}